{
    "display": {
      "icon": {
        "item": "minecraft:lead"
      },
      "title": "Broken Apart",
      "description": "Break apart a bat formation by slaying the leader.",
      "show_toast": true,
      "announce_to_chat": true,
      "hidden": false
    },
    "parent": "minecraft:adventure/kill_a_mob",
    "criteria": {
      "disturb": {
        "trigger": "minecraft:player_killed_entity",
        "conditions": {
          "entity": {
            "type": "minecraft:bat",
            "nbt": "{Tags:[\"leader.kz.sb\",\"leading.kz.sb\"]}"
          }
        }
      }
    },
    "rewards": {
      "experience": 68
    }
  }
  