{
    "display": {
      "icon": {
        "item": "minecraft:wheat_seeds"
      },
      "title": {
        "text": "F-Friends..?"
      },
      "description": "Feed a bat using any type of seed and gain a reputation of 40.",
      "frame": "task",
      "show_toast": true,
      "announce_to_chat": true,
      "hidden": false
    },
    "parent": "kz.sb:bat/root",
    "criteria": {
      "feed": {
        "trigger": "minecraft:impossible"
      }
    },
    "rewards": {
      "experience": 26
    }
  }
  