{
  "display": {
    "icon": {
      "item": "minecraft:shears"
    },
    "title": "Wing Collector",
    "description": "Kill a bat with shears.",
    "frame": "task",
    "show_toast": true,
    "announce_to_chat": true,
    "hidden": false
  },
  "parent": "kz.sb:bat/really",
  "criteria": {
    "kill": {
      "trigger": "minecraft:player_killed_entity",
      "conditions": {
        "player": [
          {
            "condition": "minecraft:entity_properties",
            "entity": "this",
            "predicate": {
              "equipment": {
                "mainhand": {
                  "items": [
                    "minecraft:shears"
                  ]
                }
              }
            }
          }
        ],
        "entity": {
          "type": "minecraft:bat"
        }
      }
    }
  },
  "rewards": {
    "experience": 22
  }
}
