{
  "display": {
    "icon": {
      "item": "minecraft:redstone"
    },
    "title": "Disturbed",
    "description": "Anger some lone bats for no reason.",
    "show_toast": true,
    "announce_to_chat": true,
    "hidden": false
  },
  "parent": "kz.sb:bat/root",
  "criteria": {
    "disturb": {
      "trigger": "minecraft:player_hurt_entity",
      "conditions": {
        "entity": {
          "type": "minecraft:bat"
        }
      }
    }
  },
  "rewards": {
    "experience": 34
  }
}
