{
    "display": {
      "icon": {
        "item": "minecraft:shears"
      },
      "title": {
        "text": "Wing Collector"
      },
      "description": {
        "text": "Kill a bat with shears."
      },
      "frame": "task",
      "show_toast": true,
      "announce_to_chat": true,
      "hidden": false
    },
    "parent": "kz.sb:bat/disturbed",
    "criteria": {
      "kill": {
        "trigger": "minecraft:player_killed_entity",
        "conditions": {
          "player": [
            {
              "condition": "minecraft:entity_properties",
              "entity": "this",
              "predicate": {
                "equipment": {
                  "mainhand": {
                    "items": [
                      "minecraft:shears"
                    ]
                  }
                }
              }
            }
          ],
          "entity": {
            "type": "minecraft:bat"
          }
        }
      }
    },
    "rewards": {
      "experience": 34
    }
  }
  